frame,time_s,model_tick,worker_id,raw_worker_x,raw_worker_y,worker_x,worker_y,raw_forklift_x,raw_forklift_y,forklift_x,forklift_y,forklift_hazard_x,forklift_hazard_y,raw_dropzone_x,raw_dropzone_y,dropzone_x,dropzone_y,worker_tracker_residual_m,worker_tracker_outlier,forklift_tracker_residual_m,forklift_tracker_outlier,worker_forklift_dist,worker_forklift_hazard_dist,worker_dropzone_dist,forklift_risk,dropzone_risk,dropzone_forced,early_level,early_reason,early_ttc_s,early_closest_distance_m,early_current_distance_m
0,0.0,1,W01,-9.6069,5.497,-9.6069,5.497,-1.1445,0.3536,-1.1445,0.3536,-1.8046,1.1048,-7.7971,2.4006,-7.7971,2.4006,0.0,0,0.0,0,9.9028,8.9536,3.5865,0.0,0.0,0,SAFE,safe,,,8.9536
0,0.0,1,W02,-10.5,9.8,-10.5,9.8,-1.1445,0.3536,-1.1445,0.3536,-1.8046,1.1048,-7.7971,2.4006,-7.7971,2.4006,0.0,0,0.0,0,13.2951,12.297,7.8776,0.0,0.0,0,SAFE,safe,,,12.297
1,0.0833,0,W01,-9.6056,5.4968,-9.6056,5.4968,-1.1455,0.3548,-1.1455,0.3548,-1.8056,1.1059,-7.7971,2.4006,-7.7971,2.4006,0.0,0,0.0,0,9.9001,8.9509,3.5856,0.0,0.0,0,SAFE,safe,,,8.9509
1,0.0833,0,W02,-10.4997,9.7998,-10.4997,9.7998,-1.1455,0.3548,-1.1455,0.3548,-1.8056,1.1059,-7.7971,2.4006,-7.7971,2.4006,0.0,0,0.0,0,13.2932,12.2951,7.8773,0.0,0.0,0,SAFE,safe,,,12.2951
2,0.1667,1,W01,-9.6015,5.4962,-9.6015,5.4962,-1.1485,0.3581,-1.1485,0.3581,-1.8086,1.1093,-7.7971,2.4006,-7.7971,2.4006,0.0,0,0.0,0,9.8921,8.9428,3.5831,0.0,0.0,0,SAFE,safe,,,8.9428
2,0.1667,1,W02,-10.4987,9.7993,-10.4987,9.7993,-1.1485,0.3581,-1.1485,0.3581,-1.8086,1.1093,-7.7971,2.4006,-7.7971,2.4006,0.0,0,0.0,0,13.2877,12.2896,7.8765,0.0,0.0,0,SAFE,safe,,,12.2896
3,0.25,0,W01,-9.5949,5.4952,-9.5949,5.4952,-1.1534,0.3637,-1.1534,0.3637,-1.8135,1.1149,-7.7971,2.4006,-7.7971,2.4006,0.0,0,0.0,0,9.8788,8.9295,3.5788,0.0,0.0,0,SAFE,safe,,,8.9295
3,0.25,0,W02,-10.4972,9.7985,-10.4972,9.7985,-1.1534,0.3637,-1.1534,0.3637,-1.8135,1.1149,-7.7971,2.4006,-7.7971,2.4006,0.0,0,0.0,0,13.2786,12.2805,7.8752,0.0,0.0,0,SAFE,safe,,,12.2805
4,0.3333,1,W01,-9.5856,5.4938,-9.5856,5.4938,-1.1602,0.3715,-1.1602,0.3715,-1.8203,1.1227,-7.7971,2.4006,-7.7971,2.4006,0.0,0,0.0,0,9.8603,8.9111,3.573,0.0,0.0,0,SAFE,safe,,,8.9111
4,0.3333,1,W02,-10.495,9.7973,-10.495,9.7973,-1.1602,0.3715,-1.1602,0.3715,-1.8203,1.1227,-7.7971,2.4006,-7.7971,2.4006,0.0,0,0.0,0,13.266,12.2679,7.8734,0.0,0.0,0,SAFE,safe,,,12.2679
5,0.4167,0,W01,-9.5738,5.4921,-9.5738,5.4921,-1.1689,0.3814,-1.1689,0.3814,-1.829,1.1326,-7.7971,2.4006,-7.7971,2.4006,0.0,0,0.0,0,9.8368,8.8875,3.5656,0.0,0.0,0,SAFE,safe,,,8.8875
5,0.4167,0,W02,-10.4923,9.7959,-10.4923,9.7959,-1.1689,0.3814,-1.1689,0.3814,-1.829,1.1326,-7.7971,2.4006,-7.7971,2.4006,0.0,0,0.0,0,13.2498,12.2518,7.8711,0.0,0.0,0,SAFE,safe,,,12.2518
6,0.5,1,W01,-9.5596,5.4899,-9.5596,5.4899,-1.1794,0.3934,-1.1794,0.3934,-1.8395,1.1445,-7.7971,2.4006,-7.7971,2.4006,0.0,0,0.0,0,9.8083,8.859,3.5567,0.0,0.0,0,SAFE,safe,,,8.859
6,0.5,1,W02,-10.4889,9.7941,-10.4889,9.7941,-1.1794,0.3934,-1.1794,0.3934,-1.8395,1.1445,-7.7971,2.4006,-7.7971,2.4006,0.0,0,0.0,0,13.2303,12.2322,7.8683,0.0,0.0,0,SAFE,safe,,,12.2322
7,0.5833,0,W01,-9.5428,5.4875,-9.5428,5.4875,-1.1918,0.4074,-1.1918,0.4074,-1.8519,1.1586,-7.7971,2.4006,-7.7971,2.4006,0.0,0,0.0,0,9.7748,8.8256,3.5463,0.0,0.0,0,SAFE,safe,,,8.8256
7,0.5833,0,W02,-10.485,9.792,-10.485,9.792,-1.1918,0.4074,-1.1918,0.4074,-1.8519,1.1586,-7.7971,2.4006,-7.7971,2.4006,0.0,0,0.0,0,13.2074,12.2093,7.865,0.0,0.0,0,SAFE,safe,,,12.2093
8,0.6667,1,W01,-9.5237,5.4846,-9.5237,5.4846,-1.2059,0.4234,-1.2059,0.4234,-1.866,1.1746,-7.7971,2.4006,-7.7971,2.4006,0.0,0,0.0,0,9.7366,8.7873,3.5344,0.0,0.0,0,SAFE,safe,,,8.7873
8,0.6667,1,W02,-10.4806,9.7896,-10.4806,9.7896,-1.2059,0.4234,-1.2059,0.4234,-1.866,1.1746,-7.7971,2.4006,-7.7971,2.4006,0.0,0,0.0,0,13.1813,12.1832,7.8612,0.0,0.0,0,SAFE,safe,,,12.1832
9,0.75,0,W01,-9.5022,5.4814,-9.5022,5.4814,-1.2217,0.4415,-1.2217,0.4415,-1.8818,1.1926,-7.7971,2.4006,-7.7971,2.4006,0.0,0,0.0,0,9.6937,8.7444,3.5212,0.0,0.0,0,SAFE,safe,,,8.7444
9,0.75,0,W02,-10.4756,9.787,-10.4756,9.787,-1.2217,0.4415,-1.2217,0.4415,-1.8818,1.1926,-7.7971,2.4006,-7.7971,2.4006,0.0,0,0.0,0,13.1519,12.1538,7.857,0.0,0.0,0,SAFE,safe,,,12.1538
10,0.8333,1,W01,-9.4784,5.4779,-9.4784,5.4779,-1.2393,0.4614,-1.2393,0.4614,-1.8994,1.2126,-7.7971,2.4006,-7.7971,2.4006,0.0,0,0.0,0,9.6462,8.6969,3.5066,0.0,0.0,0,SAFE,safe,,,8.6969
10,0.8333,1,W02,-10.47,9.784,-10.47,9.784,-1.2393,0.4614,-1.2393,0.4614,-1.8994,1.2126,-7.7971,2.4006,-7.7971,2.4006,0.0,0,0.0,0,13.1193,12.1213,7.8523,0.0,0.0,0,SAFE,safe,,,12.1213
11,0.9167,0,W01,-9.4524,5.4741,-9.4524,5.4741,-1.2585,0.4833,-1.2585,0.4833,-1.9186,1.2345,-7.7971,2.4006,-7.7971,2.4006,0.0,0,0.0,0,9.5941,8.6448,3.4908,0.0,0.0,0,SAFE,safe,,,8.6448
11,0.9167,0,W02,-10.4639,9.7808,-10.4639,9.7808,-1.2585,0.4833,-1.2585,0.4833,-1.9186,1.2345,-7.7971,2.4006,-7.7971,2.4006,0.0,0,0.0,0,13.0837,12.0856,7.8472,0.0,0.0,0,SAFE,safe,,,12.0856
12,1.0,1,W01,-9.4241,5.4699,-9.4241,5.4699,-1.2793,0.507,-1.2793,0.507,-1.9394,1.2582,-7.7971,2.4006,-7.7971,2.4006,0.0,0,0.0,0,9.5377,8.5883,3.4738,0.0,0.0,0,SAFE,safe,,,8.5883
12,1.0,1,W02,-10.4573,9.7772,-10.4573,9.7772,-1.2793,0.507,-1.2793,0.507,-1.9394,1.2582,-7.7971,2.4006,-7.7971,2.4006,0.0,0,0.0,0,13.045,12.0469,7.8416,0.0,0.0,0,SAFE,safe,,,12.0469
13,1.0833,0,W01,-9.3936,5.4653,-9.3936,5.4653,-1.3018,0.5326,-1.3018,0.5326,-1.9619,1.2838,-7.7971,2.4006,-7.7971,2.4006,0.0,0,0.0,0,9.4768,8.5274,3.4556,0.0,0.0,0,SAFE,safe,,,8.5274
13,1.0833,0,W02,-10.4502,9.7734,-10.4502,9.7734,-1.3018,0.5326,-1.3018,0.5326,-1.9619,1.2838,-7.7971,2.4006,-7.7971,2.4006,0.0,0,0.0,0,13.0034,12.0053,7.8356,0.0,0.0,0,SAFE,safe,,,12.0053
14,1.1667,1,W01,-9.3611,5.4605,-9.3611,5.4605,-1.3258,0.5599,-1.3258,0.5599,-1.9859,1.3111,-7.7971,2.4006,-7.7971,2.4006,0.0,0,0.0,0,9.4118,8.4623,3.4364,0.0,0.0,0,SAFE,safe,,,8.4623
14,1.1667,1,W02,-10.4426,9.7694,-10.4426,9.7694,-1.3258,0.5599,-1.3258,0.5599,-1.9859,1.3111,-7.7971,2.4006,-7.7971,2.4006,0.0,0,0.0,0,12.9588,11.9607,7.8293,0.0,0.0,0,SAFE,safe,,,11.9607
15,1.25,0,W01,-9.3264,5.4554,-9.3264,5.4554,-1.3514,0.589,-1.3514,0.589,-2.0115,1.3402,-7.7971,2.4006,-7.7971,2.4006,0.0,0,0.0,0,9.3425,8.3931,3.4162,0.0,0.0,0,SAFE,safe,,,8.3931
15,1.25,0,W02,-10.4345,9.7651,-10.4345,9.7651,-1.3514,0.589,-1.3514,0.589,-2.0115,1.3402,-7.7971,2.4006,-7.7971,2.4006,0.0,0,0.0,0,12.9114,11.9133,7.8225,0.0,0.0,0,SAFE,safe,,,11.9133
16,1.3333,1,W01,-9.2897,5.4499,-9.2897,5.4499,-1.3784,0.6198,-1.3784,0.6198,-2.0385,1.371,-7.7971,2.4006,-7.7971,2.4006,0.0,0,0.0,0,9.2692,8.3197,3.395,0.0,0.0,0,SAFE,safe,,,8.3197
16,1.3333,1,W02,-10.4259,9.7605,-10.4259,9.7605,-1.3784,0.6198,-1.3784,0.6198,-2.0385,1.371,-7.7971,2.4006,-7.7971,2.4006,0.0,0,0.0,0,12.8612,11.8631,7.8153,0.0,0.0,0,SAFE,safe,,,11.8631
17,1.4167,0,W01,-9.251,5.4442,-9.251,5.4442,-1.4069,0.6523,-1.4069,0.6523,-2.067,1.4034,-7.7971,2.4006,-7.7971,2.4006,0.0,0,0.0,0,9.192,8.2424,3.373,0.0,0.0,0,SAFE,safe,,,8.2424
17,1.4167,0,W02,-10.4169,9.7557,-10.4169,9.7557,-1.4069,0.6523,-1.4069,0.6523,-2.067,1.4034,-7.7971,2.4006,-7.7971,2.4006,0.0,0,0.0,0,12.8083,11.8102,7.8077,0.0,0.0,0,SAFE,safe,,,11.8102
18,1.5,1,W01,-9.2104,5.4382,-9.2104,5.4382,-1.4369,0.6863,-1.4369,0.6863,-2.097,1.4375,-7.7971,2.4006,-7.7971,2.4006,0.0,0,0.0,0,9.1108,8.1612,3.3502,0.0,0.0,0,SAFE,safe,,,8.1612
18,1.5,1,W02,-10.4074,9.7506,-10.4074,9.7506,-1.4369,0.6863,-1.4369,0.6863,-2.097,1.4375,-7.7971,2.4006,-7.7971,2.4006,0.0,0,0.0,0,12.7527,11.7546,7.7998,0.0,0.0,0,SAFE,safe,,,11.7546
19,1.5833,0,W01,-9.1679,5.4319,-9.1679,5.4319,-1.4683,0.722,-1.4683,0.722,-2.1284,1.4732,-7.7971,2.4006,-7.7971,2.4006,0.0,0,0.0,0,9.0259,8.0762,3.3268,0.0,0.0,0,SAFE,safe,,,8.0762
19,1.5833,0,W02,-10.3975,9.7453,-10.3975,9.7453,-1.4683,0.722,-1.4683,0.722,-2.1284,1.4732,-7.7971,2.4006,-7.7971,2.4006,0.0,0,0.0,0,12.6945,11.6964,7.7914,0.0,0.0,0,SAFE,safe,,,11.6964
20,1.6667,1,W01,-9.1235,5.4253,-9.1235,5.4253,-1.501,0.7593,-1.501,0.7593,-2.1611,1.5104,-7.7971,2.4006,-7.7971,2.4006,0.0,0,0.0,0,8.9372,7.9875,3.3027,0.0,0.0,0,SAFE,safe,,,7.9875
20,1.6667,1,W02,-10.3871,9.7398,-10.3871,9.7398,-1.501,0.7593,-1.501,0.7593,-2.1611,1.5104,-7.7971,2.4006,-7.7971,2.4006,0.0,0,0.0,0,12.6338,11.6357,7.7828,0.0,0.0,0,SAFE,safe,,,11.6357
21,1.75,0,W01,-9.0773,5.4185,-9.0773,5.4185,-1.535,0.798,-1.535,0.798,-2.1951,1.5492,-7.7971,2.4006,-7.7971,2.4006,0.0,0,0.0,0,8.845,7.8952,3.2781,0.0,0.0,0,SAFE,safe,,,7.8952
21,1.75,0,W02,-10.3763,9.7341,-10.3763,9.7341,-1.535,0.798,-1.535,0.798,-2.1951,1.5492,-7.7971,2.4006,-7.7971,2.4006,0.0,0,0.0,0,12.5707,11.5726,7.7738,0.0,0.0,0,SAFE,safe,,,11.5726
22,1.8333,1,W01,-9.0293,5.4113,-9.0293,5.4113,-1.5704,0.8383,-1.5704,0.8383,-2.2305,1.5894,-7.7971,2.4006,-7.7971,2.4006,0.0,0,0.0,0,8.7492,7.7994,3.2531,0.5,0.0,0,WARNING,warning,6.7828,0.0362,7.7994
22,1.8333,1,W02,-10.3652,9.7281,-10.3652,9.7281,-1.5704,0.8383,-1.5704,0.8383,-2.2305,1.5894,-7.7971,2.4006,-7.7971,2.4006,0.0,0,0.0,0,12.5051,11.507,7.7644,0.0,0.0,0,SAFE,safe,,,11.507
23,1.9167,0,W01,-8.9797,5.404,-8.9797,5.404,-1.607,0.8799,-1.607,0.8799,-2.2671,1.6311,-7.7971,2.4006,-7.7971,2.4006,0.0,0,0.0,0,8.65,7.7002,3.2278,0.5,0.0,0,WARNING,warning,6.4652,0.0363,7.7002
23,1.9167,0,W02,-10.3536,9.7219,-10.3536,9.7219,-1.607,0.8799,-1.607,0.8799,-2.2671,1.6311,-7.7971,2.4006,-7.7971,2.4006,0.0,0,0.0,0,12.4371,11.439,7.7548,0.0,0.0,0,SAFE,safe,,,11.439
24,2.0,1,W01,-8.9283,5.3964,-8.9283,5.3964,-1.6449,0.923,-1.6449,0.923,-2.305,1.6742,-7.7971,2.4006,-7.7971,2.4006,0.0,0,0.0,0,8.5475,7.5976,3.2022,0.5,0.0,0,WARNING,warning,6.1716,0.0363,7.5976
24,2.0,1,W02,-10.3416,9.7155,-10.3416,9.7155,-1.6449,0.923,-1.6449,0.923,-2.305,1.6742,-7.7971,2.4006,-7.7971,2.4006,0.0,0,0.0,0,12.3669,11.3688,7.7448,0.0,0.0,0,SAFE,safe,,,11.3688
25,2.0833,0,W01,-8.8754,5.3885,-8.8754,5.3885,-1.6839,0.9675,-1.6839,0.9675,-2.344,1.7186,-7.7971,2.4006,-7.7971,2.4006,0.0,0,0.0,0,8.4417,7.4918,3.1765,0.5,0.0,0,WARNING,warning,5.899,0.0363,7.4918
25,2.0833,0,W02,-10.3292,9.7089,-10.3292,9.7089,-1.6839,0.9675,-1.6839,0.9675,-2.344,1.7186,-7.7971,2.4006,-7.7971,2.4006,0.0,0,0.0,0,12.2945,11.2964,7.7345,0.0,0.0,0,SAFE,safe,,,11.2964
26,2.1667,1,W01,-8.8208,5.3804,-8.8208,5.3804,-1.7241,1.0132,-1.7241,1.0132,-2.3842,1.7644,-7.7971,2.4006,-7.7971,2.4006,0.0,0,0.0,0,8.3328,7.3828,3.1508,0.5,0.0,0,WARNING,warning,5.6449,0.0362,7.3828
26,2.1667,1,W02,-10.3165,9.7021,-10.3165,9.7021,-1.7241,1.0132,-1.7241,1.0132,-2.3842,1.7644,-7.7971,2.4006,-7.7971,2.4006,0.0,0,0.0,0,12.2199,11.2218,7.7239,0.0,0.0,0,SAFE,safe,,,11.2218
27,2.25,0,W01,-8.7647,5.3721,-8.7647,5.3721,-1.7655,1.0603,-1.7655,1.0603,-2.4256,1.8114,-7.7971,2.4006,-7.7971,2.4006,0.0,0,0.0,0,8.2208,7.2707,3.1251,0.5,0.0,0,WARNING,warning,5.4073,0.0364,7.2707
27,2.25,0,W02,-10.3034,9.6951,-10.3034,9.6951,-1.7655,1.0603,-1.7655,1.0603,-2.4256,1.8114,-7.7971,2.4006,-7.7971,2.4006,0.0,0,0.0,0,12.1432,11.1451,7.7131,0.0,0.0,0,SAFE,safe,,,11.1451
28,2.3333,1,W01,-8.7072,5.3636,-8.7072,5.3636,-1.8079,1.1086,-1.8079,1.1086,-2.468,1.8597,-7.7971,2.4006,-7.7971,2.4006,0.0,0,0.0,0,8.1059,7.1557,3.0996,0.5,0.0,0,WARNING,warning,5.1842,0.0361,7.1557
28,2.3333,1,W02,-10.2899,9.688,-10.2899,9.688,-1.8079,1.1086,-1.8079,1.1086,-2.468,1.8597,-7.7971,2.4006,-7.7971,2.4006,0.0,0,0.0,0,12.0645,11.0663,7.7019,0.0,0.0,0,SAFE,safe,,,11.0663
29,2.4167,0,W01,-8.6482,5.3549,-8.6482,5.3549,-1.8514,1.1581,-1.8514,1.1581,-2.5115,1.9092,-7.7971,2.4006,-7.7971,2.4006,0.0,0,0.0,0,7.988,7.0378,3.0744,0.5,0.0,0,WARNING,warning,4.9743,0.0364,7.0378
29,2.4167,0,W02,-10.2762,9.6806,-10.2762,9.6806,-1.8514,1.1581,-1.8514,1.1581,-2.5115,1.9092,-7.7971,2.4006,-7.7971,2.4006,0.0,0,0.0,0,11.9838,10.9856,7.6905,0.0,0.0,0,SAFE,safe,,,10.9856
30,2.5,1,W01,-8.5878,5.3459,-8.5878,5.3459,-1.896,1.2087,-1.896,1.2087,-2.5561,1.9599,-7.7971,2.4006,-7.7971,2.4006,0.0,0,0.0,0,7.8674,6.9171,3.0496,0.5,0.0,0,WARNING,warning,4.776,0.0363,6.9171
30,2.5,1,W02,-10.2621,9.6731,-10.2621,9.6731,-1.896,1.2087,-1.896,1.2087,-2.5561,1.9599,-7.7971,2.4006,-7.7971,2.4006,0.0,0,0.0,0,11.9011,10.903,7.6789,0.0,0.0,0,SAFE,safe,,,10.903
31,2.5833,0,W01,-8.526,5.3367,-8.526,5.3367,-1.9415,1.2606,-1.9415,1.2606,-2.6016,2.0117,-7.7971,2.4006,-7.7971,2.4006,0.0,0,0.0,0,7.7441,6.7937,3.0252,0.5,0.0,0,WARNING,warning,4.5883,0.0362,6.7937
31,2.5833,0,W02,-10.2477,9.6654,-10.2477,9.6654,-1.9415,1.2606,-1.9415,1.2606,-2.6016,2.0117,-7.7971,2.4006,-7.7971,2.4006,0.0,0,0.0,0,11.8167,10.8186,7.667,0.0,0.0,0,SAFE,safe,,,10.8186
32,2.6667,1,W01,-8.463,5.3274,-8.463,5.3274,-1.988,1.3135,-1.988,1.3135,-2.6481,2.0646,-7.7971,2.4006,-7.7971,2.4006,0.0,0,0.0,0,7.6182,6.6677,3.0016,0.5,0.0,0,WARNING,warning,4.4101,0.0363,6.6677
32,2.6667,1,W02,-10.2329,9.6576,-10.2329,9.6576,-1.988,1.3135,-1.988,1.3135,-2.6481,2.0646,-7.7971,2.4006,-7.7971,2.4006,0.0,0,0.0,0,11.7305,10.7323,7.6548,0.0,0.0,0,SAFE,safe,,,10.7323
33,2.75,0,W01,-8.3987,5.3179,-8.3987,5.3179,-2.0354,1.3674,-2.0354,1.3674,-2.6955,2.1186,-7.7971,2.4006,-7.7971,2.4006,0.0,0,0.0,0,7.4898,6.5392,2.9786,0.5,0.0,0,WARNING,warning,4.2405,0.0362,6.5392
33,2.75,0,W02,-10.2179,9.6496,-10.2179,9.6496,-2.0354,1.3674,-2.0354,1.3674,-2.6955,2.1186,-7.7971,2.4006,-7.7971,2.4006,0.0,0,0.0,0,11.6425,10.6444,7.6425,0.0,0.0,0,SAFE,safe,,,10.6444
34,2.8333,1,W01,-8.3332,5.3082,-8.3332,5.3082,-2.0837,1.4224,-2.0837,1.4224,-2.7438,2.1736,-7.7971,2.4006,-7.7971,2.4006,0.0,0,0.0,0,7.359,6.4083,2.9565,0.5,0.0,0,WARNING,warning,4.0787,0.0363,6.4083
34,2.8333,1,W02,-10.2026,9.6414,-10.2026,9.6414,-2.0837,1.4224,-2.0837,1.4224,-2.7438,2.1736,-7.7971,2.4006,-7.7971,2.4006,0.0,0,0.0,0,11.5529,10.5547,7.6299,0.0,0.0,0,SAFE,safe,,,10.5547
35,2.9167,0,W01,-8.2665,5.2983,-8.2665,5.2983,-2.1329,1.4783,-2.1329,1.4783,-2.793,2.2295,-7.7971,2.4006,-7.7971,2.4006,0.0,0,0.0,0,7.2258,6.2751,2.9354,0.5,0.0,0,WARNING,warning,3.924,0.0362,6.2751
35,2.9167,0,W02,-10.1871,9.6331,-10.1871,9.6331,-2.1329,1.4783,-2.1329,1.4783,-2.793,2.2295,-7.7971,2.4006,-7.7971,2.4006,0.0,0,0.0,0,11.4617,10.4635,7.6171,0.0,0.0,0,SAFE,safe,,,10.4635
36,3.0,1,W01,-8.1987,5.2882,-8.1987,5.2882,-2.1829,1.5352,-2.1829,1.5352,-2.843,2.2864,-7.7971,2.4006,-7.7971,2.4006,0.0,0,0.0,0,7.0905,6.1396,2.9154,0.5,0.0,0,WARNING,warning,3.7758,0.0363,6.1396
36,3.0,1,W02,-10.1712,9.6247,-10.1712,9.6247,-2.1829,1.5352,-2.1829,1.5352,-2.843,2.2864,-7.7971,2.4006,-7.7971,2.4006,0.0,0,0.0,0,11.3689,10.3708,7.6041,0.0,0.0,0,SAFE,safe,,,10.3708
37,3.0833,0,W01,-8.1298,5.278,-8.1298,5.278,-2.2337,1.593,-2.2337,1.593,-2.8938,2.3442,-7.7971,2.4006,-7.7971,2.4006,0.0,0,0.0,0,6.9529,6.0019,2.8966,0.5,0.0,0,WARNING,warning,3.6335,0.0363,6.0019
37,3.0833,0,W02,-10.1551,9.6161,-10.1551,9.6161,-2.2337,1.593,-2.2337,1.593,-2.8938,2.3442,-7.7971,2.4006,-7.7971,2.4006,0.0,0,0.0,0,11.2747,10.2766,7.591,0.0,0.0,0,SAFE,safe,,,10.2766
38,3.1667,1,W01,-8.0599,5.2676,-8.0599,5.2676,-2.2852,1.6517,-2.2852,1.6517,-2.9453,2.4029,-7.7971,2.4006,-7.7971,2.4006,0.0,0,0.0,0,6.8133,5.8622,2.879,0.5,0.0,0,WARNING,warning,3.4967,0.0363,5.8622
38,3.1667,1,W02,-10.1388,9.6074,-10.1388,9.6074,-2.2852,1.6517,-2.2852,1.6517,-2.9453,2.4029,-7.7971,2.4006,-7.7971,2.4006,0.0,0,0.0,0,11.1791,10.1809,7.5776,0.0,0.0,0,SAFE,safe,,,10.1809
39,3.25,0,W01,-7.989,5.2571,-7.989,5.2571,-2.3375,1.7112,-2.3375,1.7112,-2.9976,2.4624,-7.7971,2.4006,-7.7971,2.4006,0.0,0,0.0,0,6.6718,5.7205,2.8629,0.5,0.0,0,WARNING,warning,3.3648,0.0362,5.7205
39,3.25,0,W02,-10.1223,9.5985,-10.1223,9.5985,-2.3375,1.7112,-2.3375,1.7112,-2.9976,2.4624,-7.7971,2.4006,-7.7971,2.4006,0.0,0,0.0,0,11.0821,10.084,7.5641,0.0,0.0,0,SAFE,safe,,,10.084
40,3.3333,1,W01,-7.9171,5.2465,-7.9171,5.2465,-2.3905,1.7715,-2.3905,1.7715,-3.0506,2.5226,-7.7971,2.4006,-7.7971,2.4006,0.0,0,0.0,0,6.5284,5.577,2.8484,0.5,0.0,0,WARNING,warning,3.2376,0.0362,5.577
40,3.3333,1,W02,-10.1055,9.5896,-10.1055,9.5896,-2.3905,1.7715,-2.3905,1.7715,-3.0506,2.5226,-7.7971,2.4006,-7.7971,2.4006,0.0,0,0.0,0,10.9839,9.9857,7.5505,0.0,0.0,0,SAFE,safe,,,9.9857
41,3.4167,0,W01,-7.8444,5.2357,-7.8444,5.2357,-2.4441,1.8325,-2.4441,1.8325,-3.1042,2.5837,-7.7971,2.4006,-7.7971,2.4006,0.0,0,0.0,0,6.3832,5.4317,2.8355,0.5,0.0,0,WARNING,warning,3.1145,0.0363,5.4317
41,3.4167,0,W02,-10.0885,9.5805,-10.0885,9.5805,-2.4441,1.8325,-2.4441,1.8325,-3.1042,2.5837,-7.7971,2.4006,-7.7971,2.4006,0.0,0,0.0,0,10.8844,9.8862,7.5367,0.0,0.0,0,SAFE,safe,,,9.8862
42,3.5,1,W01,-7.7708,5.2248,-7.7708,5.2248,-2.4983,1.8942,-2.4983,1.8942,-3.1584,2.6454,-7.7971,2.4006,-7.7971,2.4006,0.0,0,0.0,0,6.2363,5.2847,2.8243,0.5,0.0,0,WARNING,warning,2.9954,0.0363,5.2847
42,3.5,1,W02,-10.0713,9.5714,-10.0713,9.5714,-2.4983,1.8942,-2.4983,1.8942,-3.1584,2.6454,-7.7971,2.4006,-7.7971,2.4006,0.0,0,0.0,0,10.7838,9.7856,7.5228,0.0,0.0,0,SAFE,safe,,,9.7856
43,3.5833,0,W01,-7.6964,5.2138,-7.6964,5.2138,-2.5532,1.9566,-2.5532,1.9566,-3.2133,2.7078,-7.7971,2.4006,-7.7971,2.4006,0.0,0,0.0,0,6.0879,5.136,2.815,0.5,0.0,0,WARNING,warning,2.8798,0.0362,5.136
43,3.5833,0,W02,-10.054,9.5621,-10.054,9.5621,-2.5532,1.9566,-2.5532,1.9566,-3.2133,2.7078,-7.7971,2.4006,-7.7971,2.4006,0.0,0,0.0,0,10.682,9.6839,7.5087,0.0,0.0,0,SAFE,safe,,,9.6839
44,3.6667,1,W01,-7.6213,5.2026,-7.6213,5.2026,-2.6086,2.0197,-2.6086,2.0197,-3.2687,2.7708,-7.7971,2.4006,-7.7971,2.4006,0.0,0,0.0,0,5.9379,4.9859,2.8075,0.5,0.0,0,WARNING,warning,2.7675,0.0362,4.9859
44,3.6667,1,W02,-10.0364,9.5528,-10.0364,9.5528,-2.6086,2.0197,-2.6086,2.0197,-3.2687,2.7708,-7.7971,2.4006,-7.7971,2.4006,0.0,0,0.0,0,10.5793,9.5811,7.4945,0.0,0.0,0,SAFE,safe,,,9.5811
45,3.75,0,W01,-7.5455,5.1914,-7.5455,5.1914,-2.6645,2.0833,-2.6645,2.0833,-3.3246,2.8345,-7.7971,2.4006,-7.7971,2.4006,0.0,0,0.0,0,5.7866,4.8344,2.8021,0.5,0.0,0,WARNING,warning,2.6583,0.0363,4.8344
45,3.75,0,W02,-10.0187,9.5433,-10.0187,9.5433,-2.6645,2.0833,-2.6645,2.0833,-3.3246,2.8345,-7.7971,2.4006,-7.7971,2.4006,0.0,0,0.0,0,10.4755,9.4774,7.4802,0.0,0.0,0,SAFE,safe,,,9.4774
46,3.8333,1,W01,-7.469,5.1801,-7.469,5.1801,-2.7209,2.1475,-2.7209,2.1475,-3.381,2.8987,-7.7971,2.4006,-7.7971,2.4006,0.0,0,0.0,0,5.6339,4.6815,2.7987,0.5,0.5,0,WARNING,warning,2.5519,0.0362,4.6815
46,3.8333,1,W02,-10.0009,9.5338,-10.0009,9.5338,-2.7209,2.1475,-2.7209,2.1475,-3.381,2.8987,-7.7971,2.4006,-7.7971,2.4006,0.0,0,0.0,0,10.3709,9.3727,7.4658,0.0,0.0,0,SAFE,safe,,,9.3727
47,3.9167,0,W01,-7.3919,5.1686,-7.3919,5.1686,-2.7777,2.2122,-2.7777,2.2122,-3.4378,2.9634,-7.7971,2.4006,-7.7971,2.4006,0.0,0,0.0,0,5.48,4.5274,2.7975,1.0,0.5,0,DANGER,danger,2.4482,0.0363,4.5274
47,3.9167,0,W02,-9.9829,9.5242,-9.9829,9.5242,-2.7777,2.2122,-2.7777,2.2122,-3.4378,2.9634,-7.7971,2.4006,-7.7971,2.4006,0.0,0,0.0,0,10.2654,9.2672,7.4514,0.0,0.0,0,SAFE,safe,,,9.2672
48,4.0,1,W01,-7.3142,5.1571,-7.3142,5.1571,-2.835,2.2774,-2.835,2.2774,-3.4951,3.0286,-7.7971,2.4006,-7.7971,2.4006,0.0,0,0.0,0,5.325,4.3722,2.7985,1.0,0.5,0,DANGER,danger,2.3468,0.0363,4.3722
48,4.0,1,W02,-9.9647,9.5145,-9.9647,9.5145,-2.835,2.2774,-2.835,2.2774,-3.4951,3.0286,-7.7971,2.4006,-7.7971,2.4006,0.0,0,0.0,0,10.1592,9.161,7.4368,0.0,0.0,0,SAFE,safe,,,9.161
49,4.0833,0,W01,-7.2359,5.1455,-7.2359,5.1455,-2.8927,2.343,-2.8927,2.343,-3.5528,3.0942,-7.7971,2.4006,-7.7971,2.4006,0.0,0,0.0,0,5.1689,4.2159,2.8017,1.0,0.0,0,DANGER,danger,2.2477,0.0362,4.2159
49,4.0833,0,W02,-9.9465,9.5048,-9.9465,9.5048,-2.8927,2.343,-2.8927,2.343,-3.5528,3.0942,-7.7971,2.4006,-7.7971,2.4006,0.0,0,0.0,0,10.0522,9.054,7.4222,0.0,0.0,0,SAFE,safe,,,9.054
50,4.1667,1,W01,-7.1572,5.1339,-7.1572,5.1339,-2.9507,2.409,-2.9507,2.409,-3.6108,3.1602,-7.7971,2.4006,-7.7971,2.4006,0.0,0,0.0,0,5.0119,4.0586,2.8071,1.0,0.0,0,DANGER,danger,2.1506,0.0363,4.0586
50,4.1667,1,W02,-9.9281,9.495,-9.9281,9.495,-2.9507,2.409,-2.9507,2.409,-3.6108,3.1602,-7.7971,2.4006,-7.7971,2.4006,0.0,0,0.0,0,9.9446,8.9463,7.4075,0.5,0.0,0,WARNING,warning,6.9258,0.0456,8.9463
51,4.25,0,W01,-7.0781,5.1221,-7.0781,5.1221,-3.0091,2.4754,-3.0091,2.4754,-3.6692,3.2266,-7.7971,2.4006,-7.7971,2.4006,0.0,0,0.0,0,4.8541,3.9005,2.8149,1.0,0.0,0,DANGER,danger,2.0555,0.0362,3.9005
51,4.25,0,W02,-9.9096,9.4851,-9.9096,9.4851,-3.0091,2.4754,-3.0091,2.4754,-3.6692,3.2266,-7.7971,2.4006,-7.7971,2.4006,0.0,0,0.0,0,9.8363,8.8381,7.3928,0.5,0.0,0,WARNING,warning,6.8044,0.0458,8.8381
52,4.3333,1,W01,-6.9986,5.1103,-6.9986,5.1103,-3.0677,2.5422,-3.0677,2.5422,-3.7278,3.2933,-7.7971,2.4006,-7.7971,2.4006,0.0,0,0.0,0,4.6955,3.7416,2.8249,1.0,0.0,0,DANGER,danger,1.9621,0.0363,3.7416
52,4.3333,1,W02,-9.8911,9.4752,-9.8911,9.4752,-3.0677,2.5422,-3.0677,2.5422,-3.7278,3.2933,-7.7971,2.4006,-7.7971,2.4006,0.0,0,0.0,0,9.7276,8.7293,7.378,0.5,0.0,0,WARNING,warning,6.6877,0.0457,8.7293
53,4.4167,0,W01,-6.9187,5.0985,-6.9187,5.0985,-3.1266,2.6092,-3.1266,2.6092,-3.7867,3.3604,-7.7971,2.4006,-7.7971,2.4006,0.0,0,0.0,0,4.5362,3.582,2.8373,1.0,0.0,0,DANGER,danger,1.8703,0.0363,3.582
53,4.4167,0,W02,-9.8724,9.4653,-9.8724,9.4653,-3.1266,2.6092,-3.1266,2.6092,-3.7867,3.3604,-7.7971,2.4006,-7.7971,2.4006,0.0,0,0.0,0,9.6183,8.6201,7.3632,0.5,0.0,0,WARNING,warning,6.5757,0.0459,8.6201
54,4.5,1,W01,-6.8386,5.0866,-6.8386,5.0866,-3.1857,2.6764,-3.1857,2.6764,-3.8458,3.4276,-7.7971,2.4006,-7.7971,2.4006,0.0,0,0.0,0,4.3763,3.4218,2.8519,1.0,0.0,0,DANGER,danger,1.78,0.0363,3.4218
54,4.5,1,W02,-9.8537,9.4553,-9.8537,9.4553,-3.1857,2.6764,-3.1857,2.6764,-3.8458,3.4276,-7.7971,2.4006,-7.7971,2.4006,0.0,0,0.0,0,9.5087,8.5105,7.3483,0.5,0.0,0,WARNING,warning,6.468,0.0456,8.5105
55,4.5833,0,W01,-6.7582,5.0747,-6.7582,5.0747,-3.245,2.7439,-3.245,2.7439,-3.9051,3.4951,-7.7971,2.4006,-7.7971,2.4006,0.0,0,0.0,0,4.216,3.2612,2.8688,1.0,0.0,0,DANGER,danger,1.6911,0.0363,3.2612
55,4.5833,0,W02,-9.8349,9.4453,-9.8349,9.4453,-3.245,2.7439,-3.245,2.7439,-3.9051,3.4951,-7.7971,2.4006,-7.7971,2.4006,0.0,0,0.0,0,9.3987,8.4005,7.3335,0.5,0.0,0,WARNING,warning,6.3644,0.0458,8.4005
56,4.6667,1,W01,-6.6775,5.0628,-6.6775,5.0628,-3.3044,2.8116,-3.3044,2.8116,-3.9645,3.5627,-7.7971,2.4006,-7.7971,2.4006,0.0,0,0.0,0,4.0553,3.1001,2.888,1.0,0.0,0,DANGER,danger,1.6035,0.0363,3.1001
56,4.6667,1,W02,-9.8161,9.4353,-9.8161,9.4353,-3.3044,2.8116,-3.3044,2.8116,-3.9645,3.5627,-7.7971,2.4006,-7.7971,2.4006,0.0,0,0.0,0,9.2884,8.2902,7.3186,0.5,0.0,0,WARNING,warning,6.2648,0.0457,8.2902
57,4.75,0,W01,-6.5968,5.0508,-6.5968,5.0508,-3.364,2.8793,-3.364,2.8793,-4.0241,3.6305,-7.7971,2.4006,-7.7971,2.4006,0.0,0,0.0,0,3.8943,2.9387,2.9093,1.0,0.0,0,DANGER,danger,1.517,0.0362,2.9387
57,4.75,0,W02,-9.7972,9.4252,-9.7972,9.4252,-3.364,2.8793,-3.364,2.8793,-4.0241,3.6305,-7.7971,2.4006,-7.7971,2.4006,0.0,0,0.0,0,9.178,8.1797,7.3038,0.5,0.0,0,WARNING,warning,6.1691,0.046,8.1797
58,4.8333,1,W01,-6.5159,5.0388,-6.5159,5.0388,-3.4236,2.9472,-3.4236,2.9472,-4.0837,3.6984,-7.7971,2.4006,-7.7971,2.4006,0.0,0,0.0,0,3.7332,2.777,2.9328,1.0,0.0,0,DANGER,danger,1.4315,0.0363,2.777
58,4.8333,1,W02,-9.7784,9.4151,-9.7784,9.4151,-3.4236,2.9472,-3.4236,2.9472,-4.0837,3.6984,-7.7971,2.4006,-7.7971,2.4006,0.0,0,0.0,0,9.0673,8.0691,7.2889,0.5,0.0,0,WARNING,warning,6.077,0.0454,8.0691
59,4.9167,0,W01,-6.4349,5.0268,-6.4349,5.0268,-3.4833,3.0151,-3.4833,3.0151,-4.1434,3.7663,-7.7971,2.4006,-7.7971,2.4006,0.0,0,0.0,0,3.5719,2.6152,2.9584,1.0,0.0,0,DANGER,danger,1.3469,0.0362,2.6152
59,4.9167,0,W02,-9.7595,9.405,-9.7595,9.405,-3.4833,3.0151,-3.4833,3.0151,-4.1434,3.7663,-7.7971,2.4006,-7.7971,2.4006,0.0,0,0.0,0,8.9566,7.9583,7.2741,0.5,0.0,0,WARNING,warning,5.9885,0.046,7.9583
60,5.0,1,W01,-6.3539,5.0148,-6.3539,5.0148,-3.5431,3.0831,-3.5431,3.0831,-4.2032,3.8343,-7.7971,2.4006,-7.7971,2.4006,0.0,0,0.0,0,3.4106,2.4534,2.9861,1.0,0.0,0,DANGER,danger,1.2632,0.0363,2.4534
60,5.0,1,W02,-9.7405,9.395,-9.7405,9.395,-3.5431,3.0831,-3.5431,3.0831,-4.2032,3.8343,-7.7971,2.4006,-7.7971,2.4006,0.0,0,0.0,0,8.8458,7.8475,7.2593,0.5,0.0,0,WARNING,warning,5.9035,0.0457,7.8475
61,5.0833,0,W01,-6.2729,5.0028,-6.2729,5.0028,-3.6028,3.151,-3.6028,3.151,-4.2629,3.9022,-7.7971,2.4006,-7.7971,2.4006,0.0,0,0.0,0,3.2495,2.2917,3.0157,1.0,0.0,0,DANGER,danger,1.1803,0.0363,2.2917
61,5.0833,0,W02,-9.7216,9.3849,-9.7216,9.3849,-3.6028,3.151,-3.6028,3.151,-4.2629,3.9022,-7.7971,2.4006,-7.7971,2.4006,0.0,0,0.0,0,8.7351,7.7368,7.2446,0.5,0.0,0,WARNING,warning,5.8218,0.0457,7.7368
62,5.1667,1,W01,-6.192,4.9908,-6.192,4.9908,-3.6624,3.2189,-3.6624,3.2189,-4.3225,3.9701,-7.7971,2.4006,-7.7971,2.4006,0.0,0,0.0,0,3.0885,2.13,3.0472,1.0,0.0,0,DANGER,danger,1.0979,0.0363,2.13
62,5.1667,1,W02,-9.7028,9.3748,-9.7028,9.3748,-3.6624,3.2189,-3.6624,3.2189,-4.3225,3.9701,-7.7971,2.4006,-7.7971,2.4006,0.0,0,0.0,0,8.6244,7.6262,7.2298,0.5,0.0,0,WARNING,warning,5.7434,0.0457,7.6262
63,5.25,0,W01,-6.1113,4.9788,-6.1113,4.9788,-3.722,3.2867,-3.722,3.2867,-4.3821,4.0379,-7.7971,2.4006,-7.7971,2.4006,0.0,0,0.0,0,2.9278,1.9686,3.0805,1.0,0.0,0,DANGER,danger,1.0161,0.0363,1.9686
63,5.25,0,W02,-9.6839,9.3647,-9.6839,9.3647,-3.722,3.2867,-3.722,3.2867,-4.3821,4.0379,-7.7971,2.4006,-7.7971,2.4006,0.0,0,0.0,0,8.514,7.5157,7.2152,0.5,0.0,0,WARNING,warning,5.6682,0.0457,7.5157
64,5.3333,1,W01,-6.0307,4.9669,-6.0307,4.9669,-3.7814,3.3543,-3.7814,3.3543,-4.4415,4.1055,-7.7971,2.4006,-7.7971,2.4006,0.0,0,0.0,0,2.7676,1.8076,3.1155,1.0,0.0,0,DANGER,danger,0.9348,0.0363,1.8076
64,5.3333,1,W02,-9.6651,9.3547,-9.6651,9.3547,-3.7814,3.3543,-3.7814,3.3543,-4.4415,4.1055,-7.7971,2.4006,-7.7971,2.4006,0.0,0,0.0,0,8.4037,7.4054,7.2006,0.5,0.0,0,WARNING,warning,5.5962,0.0458,7.4054
65,5.4167,0,W01,-5.9502,4.955,-5.9502,4.955,-3.8407,3.4218,-3.8407,3.4218,-4.5008,4.173,-7.7971,2.4006,-7.7971,2.4006,0.0,0,0.0,0,2.6078,1.6469,3.1521,1.0,0.0,0,DANGER,danger,0.8539,0.0363,1.6469
65,5.4167,0,W02,-9.6463,9.3447,-9.6463,9.3447,-3.8407,3.4218,-3.8407,3.4218,-4.5008,4.173,-7.7971,2.4006,-7.7971,2.4006,0.0,0,0.0,0,8.2937,7.2954,7.1861,0.5,0.0,0,WARNING,warning,5.5271,0.0458,7.2954
66,5.5,1,W01,-5.8701,4.9431,-5.8701,4.9431,-3.8998,3.4891,-3.8998,3.4891,-4.5599,4.2402,-7.7971,2.4006,-7.7971,2.4006,0.0,0,0.0,0,2.4487,1.4868,3.1902,1.0,0.0,0,DANGER,danger,0.7732,0.0363,1.4868
66,5.5,1,W02,-9.6276,9.3347,-9.6276,9.3347,-3.8998,3.4891,-3.8998,3.4891,-4.5599,4.2402,-7.7971,2.4006,-7.7971,2.4006,0.0,0,0.0,0,8.1841,7.1858,7.1716,0.5,0.0,0,WARNING,warning,5.4612,0.0458,7.1858
67,5.5833,0,W01,-5.7902,4.9312,-5.7902,4.9312,-3.9587,3.5561,-3.9587,3.5561,-4.6188,4.3072,-7.7971,2.4006,-7.7971,2.4006,0.0,0,0.0,0,2.2903,1.3272,3.2298,1.0,0.0,0,DANGER,danger,0.6928,0.0363,1.3272
67,5.5833,0,W02,-9.6089,9.3248,-9.6089,9.3248,-3.9587,3.5561,-3.9587,3.5561,-4.6188,4.3072,-7.7971,2.4006,-7.7971,2.4006,0.0,0,0.0,0,8.0749,7.0765,7.1573,0.5,0.0,0,WARNING,warning,5.3981,0.0458,7.0765
68,5.6667,1,W01,-5.7107,4.9194,-5.7107,4.9194,-4.0173,3.6228,-4.0173,3.6228,-4.6774,4.374,-7.7971,2.4006,-7.7971,2.4006,0.0,0,0.0,0,2.1328,1.1684,3.2707,1.0,0.0,0,DANGER,danger,0.6124,0.0363,1.1684
68,5.6667,1,W02,-9.5904,9.3149,-9.5904,9.3149,-4.0173,3.6228,-4.0173,3.6228,-4.6774,4.374,-7.7971,2.4006,-7.7971,2.4006,0.0,0,0.0,0,7.9661,6.9678,7.143,0.5,0.0,0,WARNING,warning,5.3381,0.0457,6.9678
69,5.75,0,W01,-5.6316,4.9077,-5.6316,4.9077,-4.0757,3.6892,-4.0757,3.6892,-4.7358,4.4404,-7.7971,2.4006,-7.7971,2.4006,0.0,0,0.0,0,1.9763,1.0104,3.3129,1.0,0.0,0,DANGER,danger,0.5321,0.0363,1.0104
69,5.75,0,W02,-9.5719,9.305,-9.5719,9.305,-4.0757,3.6892,-4.0757,3.6892,-4.7358,4.4404,-7.7971,2.4006,-7.7971,2.4006,0.0,0,0.0,0,7.8579,6.8595,7.1288,0.5,0.0,0,WARNING,warning,5.281,0.0456,6.8595
70,5.8333,1,W01,-5.5529,4.896,-5.5529,4.896,-4.1337,3.7552,-4.1337,3.7552,-4.7938,4.5064,-7.7971,2.4006,-7.7971,2.4006,0.0,0,0.0,0,1.8209,0.8532,3.3562,1.0,0.0,0,DANGER,danger,0.4517,0.0362,0.8532
70,5.8333,1,W02,-9.5535,9.2952,-9.5535,9.2952,-4.1337,3.7552,-4.1337,3.7552,-4.7938,4.5064,-7.7971,2.4006,-7.7971,2.4006,0.0,0,0.0,0,7.7502,6.7519,7.1148,0.5,0.0,0,WARNING,warning,5.2269,0.0459,6.7519
71,5.9167,0,W01,-5.4746,4.8845,-5.4746,4.8845,-4.1914,3.8209,-4.1914,3.8209,-4.8515,4.572,-7.7971,2.4006,-7.7971,2.4006,0.0,0,0.0,0,1.6667,0.6971,3.4005,1.0,0.0,0,DANGER,danger,0.3712,0.0363,0.6971
71,5.9167,0,W02,-9.5353,9.2855,-9.5353,9.2855,-4.1914,3.8209,-4.1914,3.8209,-4.8515,4.572,-7.7971,2.4006,-7.7971,2.4006,0.0,0,0.0,0,7.6433,6.6449,7.1009,0.5,0.0,0,WARNING,warning,5.1756,0.0457,6.6449
72,6.0,1,W01,-5.3969,4.8729,-5.3969,4.8729,-4.2487,3.886,-4.2487,3.886,-4.9088,4.6372,-7.7971,2.4006,-7.7971,2.4006,0.0,0,0.0,0,1.5141,0.5421,3.4458,1.0,0.0,0,DANGER,danger,0.2903,0.0363,0.5421
72,6.0,1,W02,-9.5171,9.2758,-9.5171,9.2758,-4.2487,3.886,-4.2487,3.886,-4.9088,4.6372,-7.7971,2.4006,-7.7971,2.4006,0.0,0,0.0,0,7.537,6.5386,7.0871,0.5,0.0,0,WARNING,warning,5.1274,0.0456,6.5386
73,6.0833,0,W01,-5.3198,4.8615,-5.3198,4.8615,-4.3055,3.9508,-4.3055,3.9508,-4.9656,4.7019,-7.7971,2.4006,-7.7971,2.4006,0.0,0,0.0,0,1.3632,0.3885,3.4918,1.0,0.0,0,DANGER,danger,0.2092,0.0362,0.3885
73,6.0833,0,W02,-9.4991,9.2662,-9.4991,9.2662,-4.3055,3.9508,-4.3055,3.9508,-4.9656,4.7019,-7.7971,2.4006,-7.7971,2.4006,0.0,0,0.0,0,7.4315,6.4331,7.0734,0.5,0.0,0,WARNING,warning,5.082,0.0461,6.4331
74,6.1667,1,W01,-5.2433,4.8502,-5.2433,4.8502,-4.3619,4.0149,-4.3619,4.0149,-5.022,4.7661,-7.7971,2.4006,-7.7971,2.4006,0.0,0,0.0,0,1.2143,0.2367,3.5387,1.0,0.0,0,DANGER,danger,0.1275,0.0363,0.2367
74,6.1667,1,W02,-9.4813,9.2567,-9.4813,9.2567,-4.3619,4.0149,-4.3619,4.0149,-5.022,4.7661,-7.7971,2.4006,-7.7971,2.4006,0.0,0,0.0,0,7.3269,6.3285,7.0599,0.5,0.0,0,WARNING,warning,5.0398,0.0454,6.3285
75,6.25,0,W01,-5.1675,4.8389,-5.1675,4.8389,-4.4178,4.0786,-4.4178,4.0786,-5.0779,4.8298,-7.7971,2.4006,-7.7971,2.4006,0.0,0,0.0,0,1.0678,0.09,3.5861,1.0,0.0,0,DANGER,danger,0.0453,0.0363,0.09
75,6.25,0,W02,-9.4636,9.2472,-9.4636,9.2472,-4.4178,4.0786,-4.4178,4.0786,-5.0779,4.8298,-7.7971,2.4006,-7.7971,2.4006,0.0,0,0.0,0,7.2232,6.2248,7.0465,0.5,0.0,0,WARNING,warning,5.0005,0.0459,6.2248
76,6.3333,1,W01,-5.0924,4.8278,-5.0924,4.8278,-4.4732,4.1416,-4.4732,4.1416,-5.1333,4.8928,-7.7971,2.4006,-7.7971,2.4006,0.0,0,0.0,0,0.9242,0.0768,3.6341,0.0,0.0,0,SAFE,safe,,,0.0768
76,6.3333,1,W02,-9.446,9.2379,-9.446,9.2379,-4.4732,4.1416,-4.4732,4.1416,-5.1333,4.8928,-7.7971,2.4006,-7.7971,2.4006,0.0,0,0.0,0,7.1204,6.122,7.0333,0.5,0.0,0,WARNING,warning,4.9644,0.0459,6.122
77,6.4167,0,W01,-5.018,4.8168,-5.018,4.8168,-4.5281,4.204,-4.5281,4.204,-5.1882,4.9552,-7.7971,2.4006,-7.7971,2.4006,0.0,0,0.0,0,0.7845,0.2194,3.6826,0.0,0.0,0,SAFE,safe,,,0.2194
77,6.4167,0,W02,-9.4287,9.2286,-9.4287,9.2286,-4.5281,4.204,-4.5281,4.204,-5.1882,4.9552,-7.7971,2.4006,-7.7971,2.4006,0.0,0,0.0,0,7.0187,6.0203,7.0202,0.5,0.0,0,WARNING,warning,4.9314,0.0457,6.0203
78,6.5,1,W01,-4.9444,4.8059,-4.9444,4.8059,-4.5823,4.2658,-4.5823,4.2658,-5.2424,5.0169,-7.7971,2.4006,-7.7971,2.4006,0.0,0,0.0,0,0.6503,0.3652,3.7314,0.0,0.0,0,SAFE,safe,,,0.3652
78,6.5,1,W02,-9.4115,9.2195,-9.4115,9.2195,-4.5823,4.2658,-4.5823,4.2658,-5.2424,5.0169,-7.7971,2.4006,-7.7971,2.4006,0.0,0,0.0,0,6.9181,5.9197,7.0073,0.5,0.0,0,WARNING,warning,4.9018,0.0456,5.9197
79,6.5833,0,W01,-4.8717,4.7951,-4.8717,4.7951,-4.6359,4.3268,-4.6359,4.3268,-5.296,5.0779,-7.7971,2.4006,-7.7971,2.4006,0.0,0,0.0,0,0.5243,0.51,3.7804,1.0,0.0,0,DANGER,danger,0.0,0.51,0.51
79,6.5833,0,W02,-9.3945,9.2104,-9.3945,9.2104,-4.6359,4.3268,-4.6359,4.3268,-5.296,5.0779,-7.7971,2.4006,-7.7971,2.4006,0.0,0,0.0,0,6.8186,5.8202,6.9946,0.5,0.0,0,WARNING,warning,4.8755,0.0459,5.8202
80,6.6667,1,W01,-4.7998,4.7844,-4.7998,4.7844,-4.6889,4.387,-4.6889,4.387,-5.349,5.1382,-7.7971,2.4006,-7.7971,2.4006,0.0,0,0.0,0,0.4126,0.6533,3.8297,1.0,0.0,0,DANGER,danger,0.0,0.6533,0.6533
80,6.6667,1,W02,-9.3777,9.2015,-9.3777,9.2015,-4.6889,4.387,-4.6889,4.387,-5.349,5.1382,-7.7971,2.4006,-7.7971,2.4006,0.0,0,0.0,0,6.7204,5.7219,6.9821,0.5,0.0,0,WARNING,warning,4.8527,0.0456,5.7219
81,6.75,0,W01,-4.7289,4.7739,-4.7289,4.7739,-4.7412,4.4465,-4.7412,4.4465,-5.4013,5.1977,-7.7971,2.4006,-7.7971,2.4006,0.0,0,0.0,0,0.3276,0.7948,3.879,1.0,0.0,0,DANGER,danger,0.0,0.7948,0.7948
81,6.75,0,W02,-9.3612,9.1926,-9.3612,9.1926,-4.7412,4.4465,-4.7412,4.4465,-5.4013,5.1977,-7.7971,2.4006,-7.7971,2.4006,0.0,0,0.0,0,6.6234,5.625,6.9698,0.5,0.0,0,WARNING,warning,4.8335,0.046,5.625
82,6.8333,1,W01,-4.659,4.7636,-4.659,4.7636,-4.7927,4.5052,-4.7927,4.5052,-5.4528,5.2564,-7.7971,2.4006,-7.7971,2.4006,0.0,0,0.0,0,0.2909,0.9343,3.9282,1.0,0.0,0,DANGER,danger,0.0,0.9343,0.9343
82,6.8333,1,W02,-9.3449,9.1839,-9.3449,9.1839,-4.7927,4.5052,-4.7927,4.5052,-5.4528,5.2564,-7.7971,2.4006,-7.7971,2.4006,0.0,0,0.0,0,6.5278,5.5293,6.9576,0.5,0.0,0,WARNING,warning,4.8182,0.0455,5.5293
83,6.9167,0,W01,-4.5901,4.7534,-4.5901,4.7534,-4.8435,4.563,-4.8435,4.563,-5.5036,5.3142,-7.7971,2.4006,-7.7971,2.4006,0.0,0,0.0,0,0.3169,1.0719,3.9774,1.0,0.0,0,DANGER,danger,0.0,1.0719,1.0719
83,6.9167,0,W02,-9.3288,9.1753,-9.3288,9.1753,-4.8435,4.563,-4.8435,4.563,-5.5036,5.3142,-7.7971,2.4006,-7.7971,2.4006,0.0,0,0.0,0,6.4336,5.4351,6.9457,0.5,0.0,0,WARNING,warning,4.8069,0.0459,5.4351
84,7.0,1,W01,-4.5223,4.7433,-4.5223,4.7433,-4.8935,4.6199,-4.8935,4.6199,-5.5536,5.3711,-7.7971,2.4006,-7.7971,2.4006,0.0,0,0.0,0,0.3912,1.2073,4.0265,1.0,0.0,0,DANGER,danger,0.0,1.2073,1.2073
84,7.0,1,W02,-9.3129,9.1669,-9.3129,9.1669,-4.8935,4.6199,-4.8935,4.6199,-5.5536,5.3711,-7.7971,2.4006,-7.7971,2.4006,0.0,0,0.0,0,6.3409,5.3424,6.934,0.5,0.0,0,WARNING,warning,4.7998,0.0457,5.3424
85,7.0833,0,W01,-4.4557,4.7334,-4.4557,4.7334,-4.9427,4.6758,-4.9427,4.6758,-5.6028,5.427,-7.7971,2.4006,-7.7971,2.4006,0.0,0,0.0,0,0.4904,1.3405,4.0752,1.0,0.0,0,DANGER,danger,0.0,1.3405,1.3405
85,7.0833,0,W02,-9.2974,9.1586,-9.2974,9.1586,-4.9427,4.6758,-4.9427,4.6758,-5.6028,5.427,-7.7971,2.4006,-7.7971,2.4006,0.0,0,0.0,0,6.2497,5.2512,6.9225,0.5,0.0,0,WARNING,warning,4.7971,0.0459,5.2512
86,7.1667,1,W01,-4.3901,4.7237,-4.3901,4.7237,-4.991,4.7308,-4.991,4.7308,-5.6511,5.482,-7.7971,2.4006,-7.7971,2.4006,0.0,0,0.0,0,0.6009,1.4714,4.1236,1.0,0.0,0,DANGER,danger,0.0,1.4714,1.4714
86,7.1667,1,W02,-9.2821,9.1504,-9.2821,9.1504,-4.991,4.7308,-4.991,4.7308,-5.6511,5.482,-7.7971,2.4006,-7.7971,2.4006,0.0,0,0.0,0,6.1601,5.1615,6.9112,0.5,0.0,0,WARNING,warning,4.7992,0.0455,5.1615
87,7.25,0,W01,-4.3258,4.7142,-4.3258,4.7142,-5.0384,4.7848,-5.0384,4.7848,-5.6985,5.536,-7.7971,2.4006,-7.7971,2.4006,0.0,0,0.0,0,0.7161,1.5999,4.1716,0.0,0.0,0,SAFE,safe,,,1.5999
87,7.25,0,W02,-9.2671,9.1424,-9.2671,9.1424,-5.0384,4.7848,-5.0384,4.7848,-5.6985,5.536,-7.7971,2.4006,-7.7971,2.4006,0.0,0,0.0,0,6.0721,5.0736,6.9002,0.5,0.0,0,WARNING,warning,4.8064,0.0459,5.0736
88,7.3333,1,W01,-4.2628,4.7048,-4.2628,4.7048,-5.0849,4.8377,-5.0849,4.8377,-5.745,5.5889,-7.7971,2.4006,-7.7971,2.4006,0.0,0,0.0,0,0.8328,1.7259,4.2191,0.0,0.0,0,SAFE,safe,,,1.7259
88,7.3333,1,W02,-9.2523,9.1346,-9.2523,9.1346,-5.0849,4.8377,-5.0849,4.8377,-5.745,5.5889,-7.7971,2.4006,-7.7971,2.4006,0.0,0,0.0,0,5.9859,4.9873,6.8894,0.5,0.0,0,WARNING,warning,4.8189,0.046,4.9873
89,7.4167,0,W01,-4.201,4.6957,-4.201,4.6957,-5.1304,4.8895,-5.1304,4.8895,-5.7905,5.6407,-7.7971,2.4006,-7.7971,2.4006,0.0,0,0.0,0,0.9494,1.8492,4.2661,0.0,0.0,0,SAFE,safe,,,1.8492
89,7.4167,0,W02,-9.2379,9.1269,-9.2379,9.1269,-5.1304,4.8895,-5.1304,4.8895,-5.7905,5.6407,-7.7971,2.4006,-7.7971,2.4006,0.0,0,0.0,0,5.9014,4.9029,6.8789,0.5,0.0,0,WARNING,warning,4.8375,0.0453,4.9029
90,7.5,1,W01,-4.1406,4.6867,-4.1406,4.6867,-5.175,4.9402,-5.175,4.9402,-5.8351,5.6913,-7.7971,2.4006,-7.7971,2.4006,0.0,0,0.0,0,1.0649,1.9699,4.3123,0.0,0.0,0,SAFE,safe,,,1.9699
90,7.5,1,W02,-9.2238,9.1194,-9.2238,9.1194,-5.175,4.9402,-5.175,4.9402,-5.8351,5.6913,-7.7971,2.4006,-7.7971,2.4006,0.0,0,0.0,0,5.8188,4.8203,6.8686,0.5,0.0,0,WARNING,warning,4.8621,0.0461,4.8203
91,7.5833,0,W01,-4.0816,4.678,-4.0816,4.678,-5.2185,4.9897,-5.2185,4.9897,-5.8786,5.7409,-7.7971,2.4006,-7.7971,2.4006,0.0,0,0.0,0,1.1788,2.0878,4.3579,0.0,0.0,0,SAFE,safe,,,2.0878
91,7.5833,0,W02,-9.2101,9.112,-9.2101,9.112,-5.2185,4.9897,-5.2185,4.9897,-5.8786,5.7409,-7.7971,2.4006,-7.7971,2.4006,0.0,0,0.0,0,5.7382,4.7396,6.8585,0.5,0.0,0,WARNING,warning,4.8938,0.0455,4.7396
92,7.6667,1,W01,-4.0241,4.6694,-4.0241,4.6694,-5.2609,5.038,-5.2609,5.038,-5.921,5.7892,-7.7971,2.4006,-7.7971,2.4006,0.0,0,0.0,0,1.2906,2.2028,4.4027,0.0,0.0,0,SAFE,safe,,,2.2028
92,7.6667,1,W02,-9.1966,9.1049,-9.1966,9.1049,-5.2609,5.038,-5.2609,5.038,-5.921,5.7892,-7.7971,2.4006,-7.7971,2.4006,0.0,0,0.0,0,5.6594,4.6608,6.8488,0.5,0.0,0,WARNING,warning,4.933,0.0456,4.6608
93,7.75,0,W01,-3.968,4.6611,-3.968,4.6611,-5.3023,5.085,-5.3023,5.085,-5.9624,5.8362,-7.7971,2.4006,-7.7971,2.4006,0.0,0,0.0,0,1.4,2.3148,4.4466,0.0,0.0,0,SAFE,safe,,,2.3148
93,7.75,0,W02,-9.1835,9.0979,-9.1835,9.0979,-5.3023,5.085,-5.3023,5.085,-5.9624,5.8362,-7.7971,2.4006,-7.7971,2.4006,0.0,0,0.0,0,5.5828,4.5842,6.8393,0.5,0.0,0,WARNING,warning,4.9804,0.046,4.5842
94,7.8333,1,W01,-3.9134,4.653,-3.9134,4.653,-5.3425,5.1308,-5.3425,5.1308,-6.0026,5.882,-7.7971,2.4006,-7.7971,2.4006,0.0,0,0.0,0,1.5068,2.4238,4.4896,0.0,0.0,0,SAFE,safe,,,2.4238
94,7.8333,1,W02,-9.1708,9.0911,-9.1708,9.0911,-5.3425,5.1308,-5.3425,5.1308,-6.0026,5.882,-7.7971,2.4006,-7.7971,2.4006,0.0,0,0.0,0,5.5082,4.5096,6.83,0.5,0.0,0,WARNING,warning,5.0371,0.0457,4.5096
95,7.9167,0,W01,-3.8605,4.6452,-3.8605,4.6452,-5.3815,5.1752,-5.3815,5.1752,-6.0416,5.9264,-7.7971,2.4006,-7.7971,2.4006,0.0,0,0.0,0,1.6107,2.5296,4.5316,0.0,0.0,0,SAFE,safe,,,2.5296
95,7.9167,0,W02,-9.1584,9.0845,-9.1584,9.0845,-5.3815,5.1752,-5.3815,5.1752,-6.0416,5.9264,-7.7971,2.4006,-7.7971,2.4006,0.0,0,0.0,0,5.4357,4.4371,6.8211,0.5,0.0,0,WARNING,warning,5.1039,0.0459,4.4371
96,8.0,1,W01,-3.8091,4.6376,-3.8091,4.6376,-5.4194,5.2183,-5.4194,5.2183,-6.0795,5.9695,-7.7971,2.4006,-7.7971,2.4006,0.0,0,0.0,0,1.7117,2.6322,4.5725,0.0,0.0,0,SAFE,safe,,,2.6322
96,8.0,1,W02,-9.1464,9.0781,-9.1464,9.0781,-5.4194,5.2183,-5.4194,5.2183,-6.0795,5.9695,-7.7971,2.4006,-7.7971,2.4006,0.0,0,0.0,0,5.3655,4.3669,6.8124,0.5,0.0,0,WARNING,warning,5.1821,0.0455,4.3669
97,8.0833,0,W01,-3.7595,4.6302,-3.7595,4.6302,-5.456,5.26,-5.456,5.26,-6.1161,6.0112,-7.7971,2.4006,-7.7971,2.4006,0.0,0,0.0,0,1.8096,2.7314,4.6123,0.0,0.0,0,SAFE,safe,,,2.7314
97,8.0833,0,W02,-9.1348,9.0719,-9.1348,9.0719,-5.456,5.26,-5.456,5.26,-6.1161,6.0112,-7.7971,2.4006,-7.7971,2.4006,0.0,0,0.0,0,5.2976,4.299,6.8041,0.5,0.0,0,WARNING,warning,5.273,0.046,4.299
98,8.1667,1,W01,-3.7115,4.6231,-3.7115,4.6231,-5.4914,5.3002,-5.4914,5.3002,-6.1515,6.0514,-7.7971,2.4006,-7.7971,2.4006,0.0,0,0.0,0,1.9043,2.8272,4.651,0.0,0.0,0,SAFE,safe,,,2.8272
98,8.1667,1,W02,-9.1237,9.0659,-9.1237,9.0659,-5.4914,5.3002,-5.4914,5.3002,-6.1515,6.0514,-7.7971,2.4006,-7.7971,2.4006,0.0,0,0.0,0,5.232,4.2334,6.796,0.5,0.0,0,WARNING,warning,5.3782,0.0458,4.2334
99,8.25,0,W01,-3.6653,4.6163,-3.6653,4.6163,-5.5254,5.339,-5.5254,5.339,-6.1855,6.0901,-7.7971,2.4006,-7.7971,2.4006,0.0,0,0.0,0,1.9955,2.9195,4.6884,0.0,0.0,0,SAFE,safe,,,2.9195
99,8.25,0,W02,-9.1129,9.0602,-9.1129,9.0602,-5.5254,5.339,-5.5254,5.339,-6.1855,6.0901,-7.7971,2.4006,-7.7971,2.4006,0.0,0,0.0,0,5.1689,4.1702,6.7883,0.5,0.0,0,WARNING,warning,5.5,0.0454,4.1702
100,8.3333,1,W01,-3.621,4.6097,-3.621,4.6097,-5.5581,5.3762,-5.5581,5.3762,-6.2182,6.1274,-7.7971,2.4006,-7.7971,2.4006,0.0,0,0.0,0,2.0833,3.0082,4.7244,0.0,0.0,0,SAFE,safe,,,3.0082
100,8.3333,1,W02,-9.1025,9.0547,-9.1025,9.0547,-5.5581,5.3762,-5.5581,5.3762,-6.2182,6.1274,-7.7971,2.4006,-7.7971,2.4006,0.0,0,0.0,0,5.1082,4.1095,6.7809,0.5,0.0,0,WARNING,warning,5.6406,0.046,4.1095
101,8.4167,0,W01,-3.5784,4.6034,-3.5784,4.6034,-5.5895,5.4119,-5.5895,5.4119,-6.2496,6.1631,-7.7971,2.4006,-7.7971,2.4006,0.0,0,0.0,0,2.1675,3.0932,4.7592,0.0,0.0,0,SAFE,safe,,,3.0932
101,8.4167,0,W02,-9.0926,9.0494,-9.0926,9.0494,-5.5895,5.4119,-5.5895,5.4119,-6.2496,6.1631,-7.7971,2.4006,-7.7971,2.4006,0.0,0,0.0,0,5.05,4.0513,6.7738,0.5,0.0,0,WARNING,warning,5.8031,0.0455,4.0513
102,8.5,1,W01,-3.5378,4.5974,-3.5378,4.5974,-5.6195,5.446,-5.6195,5.446,-6.2796,6.1972,-7.7971,2.4006,-7.7971,2.4006,0.0,0,0.0,0,2.248,3.1744,4.7925,0.0,0.0,0,SAFE,safe,,,3.1744
102,8.5,1,W02,-9.0831,9.0443,-9.0831,9.0443,-5.6195,5.446,-5.6195,5.446,-6.2796,6.1972,-7.7971,2.4006,-7.7971,2.4006,0.0,0,0.0,0,4.9945,3.9958,6.767,0.5,0.0,0,WARNING,warning,5.9909,0.0464,3.9958
103,8.5833,0,W01,-3.4991,4.5916,-3.4991,4.5916,-5.648,5.4784,-5.648,5.4784,-6.3081,6.2296,-7.7971,2.4006,-7.7971,2.4006,0.0,0,0.0,0,2.3247,3.2517,4.8243,0.0,0.0,0,SAFE,safe,,,3.2517
103,8.5833,0,W02,-9.0741,9.0395,-9.0741,9.0395,-5.648,5.4784,-5.648,5.4784,-6.3081,6.2296,-7.7971,2.4006,-7.7971,2.4006,0.0,0,0.0,0,4.9416,3.9428,6.7606,0.5,0.0,0,WARNING,warning,6.2087,0.0452,3.9428
104,8.6667,1,W01,-3.4624,4.5862,-3.4624,4.5862,-5.675,5.5092,-5.675,5.5092,-6.3351,6.2604,-7.7971,2.4006,-7.7971,2.4006,0.0,0,0.0,0,2.3975,3.325,4.8545,0.0,0.0,0,SAFE,safe,,,3.325
104,8.6667,1,W02,-9.0655,9.0349,-9.0655,9.0349,-5.675,5.5092,-5.675,5.5092,-6.3351,6.2604,-7.7971,2.4006,-7.7971,2.4006,0.0,0,0.0,0,4.8914,3.8926,6.7545,0.5,0.0,0,WARNING,warning,6.4621,0.0461,3.8926
105,8.75,0,W01,-3.4277,4.5811,-3.4277,4.5811,-5.7006,5.5383,-5.7006,5.5383,-6.3607,6.2895,-7.7971,2.4006,-7.7971,2.4006,0.0,0,0.0,0,2.4662,3.3943,4.8832,0.0,0.0,0,SAFE,safe,,,3.3943
105,8.75,0,W02,-9.0574,9.0306,-9.0574,9.0306,-5.7006,5.5383,-5.7006,5.5383,-6.3607,6.2895,-7.7971,2.4006,-7.7971,2.4006,0.0,0,0.0,0,4.844,3.8452,6.7487,0.5,0.0,0,WARNING,warning,6.7583,0.0455,3.8452
106,8.8333,1,W01,-3.3952,4.5762,-3.3952,4.5762,-5.7246,5.5657,-5.7246,5.5657,-6.3847,6.3168,-7.7971,2.4006,-7.7971,2.4006,0.0,0,0.0,0,2.5309,3.4594,4.9102,0.0,0.0,0,SAFE,safe,,,3.4594
106,8.8333,1,W02,-9.0498,9.0266,-9.0498,9.0266,-5.7246,5.5657,-5.7246,5.5657,-6.3847,6.3168,-7.7971,2.4006,-7.7971,2.4006,0.0,0,0.0,0,4.7994,3.8007,6.7433,0.0,0.0,0,SAFE,safe,,,3.8007
107,8.9167,0,W01,-3.3647,4.5717,-3.3647,4.5717,-5.7471,5.5912,-5.7471,5.5912,-6.4072,6.3424,-7.7971,2.4006,-7.7971,2.4006,0.0,0,0.0,0,2.5913,3.5202,4.9356,0.0,0.0,0,SAFE,safe,,,3.5202
107,8.9167,0,W02,-9.0427,9.0228,-9.0427,9.0228,-5.7471,5.5912,-5.7471,5.5912,-6.4072,6.3424,-7.7971,2.4006,-7.7971,2.4006,0.0,0,0.0,0,4.7578,3.759,6.7383,0.0,0.0,0,SAFE,safe,,,3.759
108,9.0,1,W01,-3.3364,4.5675,-3.3364,4.5675,-5.7679,5.6149,-5.7679,5.6149,-6.428,6.3661,-7.7971,2.4006,-7.7971,2.4006,0.0,0,0.0,0,2.6475,3.5767,4.9592,0.0,0.0,0,SAFE,safe,,,3.5767
108,9.0,1,W02,-9.0361,9.0192,-9.0361,9.0192,-5.7679,5.6149,-5.7679,5.6149,-6.428,6.3661,-7.7971,2.4006,-7.7971,2.4006,0.0,0,0.0,0,4.7191,3.7204,6.7336,0.0,0.0,0,SAFE,safe,,,3.7204
109,9.0833,0,W01,-3.3104,4.5637,-3.3104,4.5637,-5.7871,5.6368,-5.7871,5.6368,-6.4472,6.388,-7.7971,2.4006,-7.7971,2.4006,0.0,0,0.0,0,2.6993,3.6288,4.9809,0.0,0.0,0,SAFE,safe,,,3.6288
109,9.0833,0,W02,-9.03,9.016,-9.03,9.016,-5.7871,5.6368,-5.7871,5.6368,-6.4472,6.388,-7.7971,2.4006,-7.7971,2.4006,0.0,0,0.0,0,4.6835,3.6847,6.7293,0.0,0.0,0,SAFE,safe,,,3.6847
110,9.1667,1,W01,-3.2866,4.5601,-3.2866,4.5601,-5.8047,5.6568,-5.8047,5.6568,-6.4648,6.4079,-7.7971,2.4006,-7.7971,2.4006,0.0,0,0.0,0,2.7465,3.6763,5.0009,0.0,0.0,0,SAFE,safe,,,3.6763
110,9.1667,1,W02,-9.0244,9.013,-9.0244,9.013,-5.8047,5.6568,-5.8047,5.6568,-6.4648,6.4079,-7.7971,2.4006,-7.7971,2.4006,0.0,0,0.0,0,4.651,3.6522,6.7253,0.0,0.0,0,SAFE,safe,,,3.6522
111,9.25,0,W01,-3.2651,4.5569,-3.2651,4.5569,-5.8205,5.6748,-5.8205,5.6748,-6.4806,6.426,-7.7971,2.4006,-7.7971,2.4006,0.0,0,0.0,0,2.7892,3.7193,5.0189,0.0,0.0,0,SAFE,safe,,,3.7193
111,9.25,0,W02,-9.0194,9.0104,-9.0194,9.0104,-5.8205,5.6748,-5.8205,5.6748,-6.4806,6.426,-7.7971,2.4006,-7.7971,2.4006,0.0,0,0.0,0,4.6216,3.6228,6.7218,0.0,0.0,0,SAFE,safe,,,3.6228
112,9.3333,1,W01,-3.246,4.5541,-3.246,4.5541,-5.8346,5.6908,-5.8346,5.6908,-6.4947,6.442,-7.7971,2.4006,-7.7971,2.4006,0.0,0,0.0,0,2.8273,3.7575,5.0349,0.0,0.0,0,SAFE,safe,,,3.7575
112,9.3333,1,W02,-9.015,9.008,-9.015,9.008,-5.8346,5.6908,-5.8346,5.6908,-6.4947,6.442,-7.7971,2.4006,-7.7971,2.4006,0.0,0,0.0,0,4.5954,3.5966,6.7186,0.0,0.0,0,SAFE,safe,,,3.5966
113,9.4167,0,W01,-3.2292,4.5516,-3.2292,4.5516,-5.847,5.7049,-5.847,5.7049,-6.5071,6.4561,-7.7971,2.4006,-7.7971,2.4006,0.0,0,0.0,0,2.8605,3.7909,5.049,0.0,0.0,0,SAFE,safe,,,3.7909
113,9.4167,0,W02,-9.0111,9.0059,-9.0111,9.0059,-5.847,5.7049,-5.847,5.7049,-6.5071,6.4561,-7.7971,2.4006,-7.7971,2.4006,0.0,0,0.0,0,4.5725,3.5737,6.7159,0.0,0.0,0,SAFE,safe,,,3.5737
114,9.5,1,W01,-3.215,4.5495,-3.215,4.5495,-5.8575,5.7169,-5.8575,5.7169,-6.5176,6.468,-7.7971,2.4006,-7.7971,2.4006,0.0,0,0.0,0,2.8889,3.8195,5.061,0.0,0.0,0,SAFE,safe,,,3.8195
114,9.5,1,W02,-9.0077,9.0041,-9.0077,9.0041,-5.8575,5.7169,-5.8575,5.7169,-6.5176,6.468,-7.7971,2.4006,-7.7971,2.4006,0.0,0,0.0,0,4.553,3.5542,6.7135,0.0,0.0,0,SAFE,safe,,,3.5542
115,9.5833,0,W01,-3.2032,4.5478,-3.2032,4.5478,-5.8662,5.7267,-5.8662,5.7267,-6.5263,6.4779,-7.7971,2.4006,-7.7971,2.4006,0.0,0,0.0,0,2.9123,3.843,5.071,0.0,0.0,0,SAFE,safe,,,3.843
115,9.5833,0,W02,-9.005,9.0027,-9.005,9.0027,-5.8662,5.7267,-5.8662,5.7267,-6.5263,6.4779,-7.7971,2.4006,-7.7971,2.4006,0.0,0,0.0,0,4.5369,3.5381,6.7116,0.0,0.0,0,SAFE,safe,,,3.5381
116,9.6667,1,W01,-3.1939,4.5464,-3.1939,4.5464,-5.873,5.7345,-5.873,5.7345,-6.5331,6.4857,-7.7971,2.4006,-7.7971,2.4006,0.0,0,0.0,0,2.9307,3.8615,5.0788,0.0,0.0,0,SAFE,safe,,,3.8615
116,9.6667,1,W02,-9.0028,9.0015,-9.0028,9.0015,-5.873,5.7345,-5.873,5.7345,-6.5331,6.4857,-7.7971,2.4006,-7.7971,2.4006,0.0,0,0.0,0,4.5243,3.5254,6.7101,0.0,0.0,0,SAFE,safe,,,3.5254
117,9.75,0,W01,-3.1873,4.5454,-3.1873,4.5454,-5.8779,5.7401,-5.8779,5.7401,-6.538,6.4913,-7.7971,2.4006,-7.7971,2.4006,0.0,0,0.0,0,2.944,3.8748,5.0844,0.0,0.0,0,SAFE,safe,,,3.8748
117,9.75,0,W02,-9.0013,9.0007,-9.0013,9.0007,-5.8779,5.7401,-5.8779,5.7401,-6.538,6.4913,-7.7971,2.4006,-7.7971,2.4006,0.0,0,0.0,0,4.5152,3.5163,6.709,0.0,0.0,0,SAFE,safe,,,3.5163
118,9.8333,1,W01,-3.1832,4.5448,-3.1832,4.5448,-5.8809,5.7435,-5.8809,5.7435,-6.541,6.4947,-7.7971,2.4006,-7.7971,2.4006,0.0,0,0.0,0,2.952,3.8828,5.0878,0.0,0.0,0,SAFE,safe,,,3.8828
118,9.8333,1,W02,-9.0003,9.0002,-9.0003,9.0002,-5.8809,5.7435,-5.8809,5.7435,-6.541,6.4947,-7.7971,2.4006,-7.7971,2.4006,0.0,0,0.0,0,4.5096,3.5108,6.7083,0.0,0.0,0,SAFE,safe,,,3.5108
119,9.9167,0,W01,-3.1819,4.5446,-3.1819,4.5446,-5.8819,5.7446,-5.8819,5.7446,-6.5421,6.4957,-7.7971,2.4006,-7.7971,2.4006,0.0,0,0.0,0,2.9547,3.8856,5.0889,0.0,0.0,0,SAFE,safe,,,3.8856
119,9.9167,0,W02,-9.0,9.0,-9.0,9.0,-5.8819,5.7446,-5.8819,5.7446,-6.5421,6.4957,-7.7971,2.4006,-7.7971,2.4006,0.0,0,0.0,0,4.5078,3.509,6.7081,0.0,0.0,0,SAFE,safe,,,3.509
